;question;answer;question_index;answer_reformulate;answer_index;document_index;question_reformulate
0;What are the consequences for guests who do not observe or violate the hotel rules? ;"In order for our guests to have a safe and comfortable stay, we have set the following rules and
guidelines based on Article 10 of the Accommodation agreement. We expect and appreciate
everyone for their cooperation. If the rules stated are not observed or violated, hotel management
will reserve the right to refuse the guest service of accommodation and use of hotel facilities. Guests
may be also held responsible for any damages incurred.";0;"[' We request and appreciate cooperation from every individual in compliance with Article 10 of the Accommodation agreement ', "" To ensure everyone's safety and comfort, certain rules have been put into effect and "", "" For our guests' well-being, we're implementing these guidelines based on Article 10 of the contract "", "" Our objective is to maintain a secure environment; thus, we've outlined some essential protocols "", ' Failure to comply with these stipulations may lead to consequences, including refusal of service and access to hotel facilities ', ' Guests must take responsibility for any damages or issues that arise due to their actions ', ' In order to prevent inconvenience, please adhere to the guidelines and rules established by our hospitality services ', ' To guarantee a positive experience, we expect guests to respect the terms outlined in Article 10 of the Accommodation agreement ', ' The management may choose not to provide accommodations or access to facilities if these standards are not met ', '']";0;8;"["" Can guests face repercussions if they don't adhere to hotel policies "", ' Are there penalties for individuals who flout or neglect hotel guidelines ', ' What are the implications of non-compliance with hotel protocols by guests ', ' Will hotel-goers encounter difficulties if they breach or violate rules and regulations ', ' Do visitors incur consequences if they ignore or infringe upon hotel stipulations ', ' What happens when hotel patrons fail to observe or respect house rules ', ' Can guests be held accountable for failing to comply with or adhere to hotel policies ', ' Are there any repercussions for individuals who neglect or disregard hotel procedures ', "" Will hotel guests encounter problems if they don't follow established guidelines and protocols""]"
1;"
What is the purpose of the rules and guidelines stated in the text? ";"In order for our guests to have a safe and comfortable stay, we have set the following rules and
guidelines based on Article 10 of the Accommodation agreement. We expect and appreciate
everyone for their cooperation. If the rules stated are not observed or violated, hotel management
will reserve the right to refuse the guest service of accommodation and use of hotel facilities. Guests
may be also held responsible for any damages incurred.";1;"[' We request and appreciate cooperation from every individual in compliance with Article 10 of the Accommodation agreement ', "" To ensure everyone's safety and comfort, certain rules have been put into effect and "", "" For our guests' well-being, we're implementing these guidelines based on Article 10 of the contract "", "" Our objective is to maintain a secure environment; thus, we've outlined some essential protocols "", ' Failure to comply with these stipulations may lead to consequences, including refusal of service and access to hotel facilities ', ' Guests must take responsibility for any damages or issues that arise due to their actions ', ' In order to prevent inconvenience, please adhere to the guidelines and rules established by our hospitality services ', ' To guarantee a positive experience, we expect guests to respect the terms outlined in Article 10 of the Accommodation agreement ', ' The management may choose not to provide accommodations or access to facilities if these standards are not met ', '']";0;8;['\nThe intended use of the established criteria.\n', '\nIn what manner are the principles and standards applied?\n', '\nTo what end are the directives formulated and presented?\n', '\nWhat is the objective of the governing rules and protocols outlined?\n', '\nHow are the stipulated requirements supposed to function and operate?\n', '\nThe purpose behind the issuance of the official guidelines.\n', '\nWhy were the regulations and bylaws created and put into effect?\n', '\nFor what specific reason are the established procedures and protocols employed?']
2;"
Who may be held responsible for any damages incurred in the hotel?";"In order for our guests to have a safe and comfortable stay, we have set the following rules and
guidelines based on Article 10 of the Accommodation agreement. We expect and appreciate
everyone for their cooperation. If the rules stated are not observed or violated, hotel management
will reserve the right to refuse the guest service of accommodation and use of hotel facilities. Guests
may be also held responsible for any damages incurred.";2;"[' We request and appreciate cooperation from every individual in compliance with Article 10 of the Accommodation agreement ', "" To ensure everyone's safety and comfort, certain rules have been put into effect and "", "" For our guests' well-being, we're implementing these guidelines based on Article 10 of the contract "", "" Our objective is to maintain a secure environment; thus, we've outlined some essential protocols "", ' Failure to comply with these stipulations may lead to consequences, including refusal of service and access to hotel facilities ', ' Guests must take responsibility for any damages or issues that arise due to their actions ', ' In order to prevent inconvenience, please adhere to the guidelines and rules established by our hospitality services ', ' To guarantee a positive experience, we expect guests to respect the terms outlined in Article 10 of the Accommodation agreement ', ' The management may choose not to provide accommodations or access to facilities if these standards are not met ', '']";0;8;"['\nWhat party should be accountable for any harm or injury experienced in the hotel premises? ', '\nWhich person or entity would be considered responsible for any financial loss suffered at the hotel? ', '\nTo whom should damages resulting from a hotel incident be directed? ', '\nWho must answer for any losses arising from events that occurred within the hotel property? ', '\nIs there an individual or group that bears responsibility for damages sustained at the hotel? ', '\nWhat party is responsible for covering losses incurred in connection with a hotel stay? ', '\nTo what person or organization should I address claims for financial damages resulting from a hotel experience? ', ""\nWho must bear liability for any damage or loss experienced during one's visit to the hotel? "", '\nIs there an entity that would be considered accountable for any harm or injury occurring within the hotel?']"
3;What is the purpose of the evacuation route map?;"
The evacuation route map is installed at the back of each guest room door so please
check when you arrive in your room.";3;"[' therefore, please review it upon entering your accommodation.\nThe fire escape instructions are situated on the rear of each guest room door ', ' kindly verify them upon settling into your quarters.\nEach guest room has an evacuation procedure diagram posted at the back of the door ', ' we recommend checking it during check-in.\nA map of the exit route is placed on the back of every bedroom door ', ' please take a moment to study it when entering your room.\nEvacuation instructions are clearly outlined on a poster at the rear of each guest room ', ' you will find this information upon arrival in your room.\nThe fire escape plan is printed and displayed behind each bedroom door ', ' please examine it before making yourself comfortable in your accommodation.\nEach room has an emergency exit diagram attached to the back of the door ', "" we advise reviewing it immediately after entering your space.\nGuests are kindly requested to familiarize themselves with the evacuation route map located at the rear of their room's door "", ' please do so upon arrival.\nThe escape plan is prominently displayed on a poster at the back of each bedroom door ', ' please inspect it when you arrive in your accommodation.\nEach guest room has an emergency exit diagram posted behind the door ', ' please take note of this information upon entering your quarters.']";1;8;['\nWhat are the intentions behind creating a fire escape plan diagram? ', '\nWhat is the rationale for designing an emergency access route chart? ', '\nFor what reason was the crisis response path visualisation created? ', '\nWhat function does the emergency egress pathway graphic serve? ', '\nWhy was the disaster evacuation route map produced? ', '\nWhat role does the emergency exit wayfinding map play? ', '\nTo what end was the emergency pathway illustration designed? ', '\nWhat is the purpose of the crisis escape plan map? ', '\nHow does the emergency access route chart contribute to the overall safety strategy?']
4;Is a password required to access the location?;"
Please refrain from staying if you are not a registered guest.";4;['\nNo unregistered person is allowed entry.\n', '\nGuests who have not checked in may not proceed.\n', '\nOnly registered clients are permitted passage.\n', '\nAccess is restricted to authorized visitors only.\n', '\nEntry is denied to those without prior registration.\n', '\nVisitors must register first before proceeding further.\n', '\nUnlisted individuals are not permitted to enter premises.\n', '\nYou cannot proceed unless you have been cleared for entry.'];2;8;['\nDoes one need a special key or PIN number to gain entrance? ', '\nMust you have a specific entry credential to reach that area? ', '\nDo I require a unique authorization token to get inside? ', '\nShould I expect a particular access code to unlock the gate? ', '\nAre there any particular clearance requirements to visit the premises? ', '\nMust you know a certain password or phrase to enter the building? ', '\nIs it necessary to have a specific authorization before entering? ', '\nDo you need a special key card or ID badge to gain access? ', '\nWould I need to know a certain combination or sequence to unlock the door?']
5;What is the reason for refusing guests at this establishment?;"
We do not allow minors to stay without a guardian. Also, we may refuse guests due to
mental and physical concerns, drugs, drunk guests and other acts that may cause
disturbance to other guests.";5;[' \nNo minor can be left without adult supervision ', ' \nMinors must be accompanied by an authorized adult ', ' \nChildren cannot stay without a responsible guardian ', ' \nGuests of any age are subject to certain restrictions ', ' \nCertain individuals may not be admitted due to safety concerns ', ' \nWe do not allow minors on their own ', ' \nChildren under a certain age require adult supervision ', ' \nMature guests only: no children allowed ', ' \nNo youth can be left without an accompanying guardian ', ''];3;8;['Why is this business turning away visitors?\n\n', 'Can you explain why people are being kept from entering this place?\n\n', 'On what basis does this establishment decline admittance to individuals?\n\n', 'Are there specific reasons why customers are not allowed inside?\n\n', 'Why is it that guests are not being permitted to enter here?\n\n', 'What justifies the exclusion of people from this location?\n\n', 'Is there a particular reason why visitors are not being let in?\n\n', 'Can you clarify the reasoning behind denying access to patrons?\n\n', 'On what grounds does this establishment refuse entry to individuals?']
6;What is the purpose of asking for cooperation in saving electricity and conserving water resources?;"
Please note that long-term accommodation will not give legal residence rights.
We ask for your cooperation in saving electricity and conserving water resources carefully.";6;[' Reduce power usage & protect water supplies ', ' Assist in electricity savings & preserve water stocks ', ' Save electricity, protect our precious water ', ' Minimise power usage, conserve water wisely ', ' Cooperate with us to save electricity & manage water effectively ', ' Conserve electricity, preserve water resources ', ' Please help lower energy consumption and safeguard our water sources ', ' Help reduce your energy use and protect our vital water reserves ', ' We kindly request your assistance in saving electricity & preserving our water supplies'];4;8;"[' What drives the need for assistance in reducing electricity consumption and protecting aquatic ecosystems ', ' Why is there a call for unity in efforts to conserve power sources and protect natural water reservoirs ', ' For what purpose is it suggested that people join forces to save electrical energy and preserve potable water resources ', "" What's behind the appeal to work together to manage electricity consumption and keep water supplies under control "", ' Why is it being asked that individuals contribute their part in preserving electric power and safeguarding water storage facilities ', "" What's the main reason for requesting help in reducing the usage of electrical energy and protecting drinking water sources "", ' In what way does there appear to be a need for assistance in conserving electricity and protecting water resources for human consumption ', ' Why is it being suggested that people should band together to preserve electric power and protect natural water reservoirs ', "" What's driving the call for unity among individuals to save electrical energy and preserve fresh water supplies "", '']"
7;What is the main purpose of checking the room key when leaving the room?;"
When leaving your room, please make sure to bring along your room key and to check if
it is properly lock.";7;"[' As you exit your living space, be certain to take the room key with you and verify its secure locking mechanism ', ' Leaving your accommodation, please remember to take your room key and check if it is properly secured ', "" When exiting your personal space, don't forget to bring along your room key and ensure it is locked "", ' Before leaving your lodging, make sure to collect your room key and confirm its lock is functioning correctly ', ' As you depart from your residence, kindly verify that you have taken the room key with you and check if it has been properly secured ', ' On exiting your bedroom, please recall to take the room key with you and ensure it has been locked ', ' Leaving your private quarters, be sure to bring along the room key and confirm its secure status ', ' Before leaving your dwelling, remember to take the room key and verify that it is properly locked ', "" Exiting your living area, don't forget to collect the room key and check if it has been securely fastened "", '']";5;8;"[' To what end does one verify the room access card upon departure from the lodgings?\n\n', ' For what fundamental objective do individuals confirm their hotel key prior to vacating the premises?\n\n', "" What's the core purpose behind inspecting the room identification card when departing the guest quarters?\n\n"", ' Why is it necessary to check the room key when exiting the assigned living space?\n\n', ' To achieve which ultimate goal does one verify the accommodation access code upon leaving the designated area?\n\n', ' How does verifying the room key serve as a safeguard for the occupants and property owners?\n\n', "" What's the primary function of scanning the room key before departing from the allocated lodgings?\n\n"", ' Why is it essential to check the hotel card when exiting the assigned living quarters?\n\n', ' To what specific end does one confirm the accommodation key upon departure from the guest accommodations?']"
8;What is the reason for imposing a charge for a lost room card key? ;"Please make sure to lock the door latch when inside the room or when sleeping.
A 3,000yen charge will be imposed as a replacement fee for a lost room card key.
Please make sure to return your room card key at the front desk when leaving the hotel.";8;"[' A ¥3000 penalty will be assessed for a misplaced ID badge ', ' Make sure to close the door catch when indoors or slumbering ', "" There's a ¥3000 fee for replacing a lost key card "", ' Always secure your ID badge at the reception area before departure ', ' When departing, please hand over your room card ID at the front counter ', ' A charge of ¥3000 will be levied in case of a misplaced room access device ', ' Please ensure to return your ID badge key when checking out ', ' On leaving, kindly surrender your room access device at the front desk ', "" There's a ¥3000 fine for losing the room card access token "", '']";6;8;"[' Why do hotels penalize customers for losing their room access cards?\n\n', ' Can you explain the logic behind assessing a fee for a forgotten hotel room key?\n\n', ' How does levying a fine for a misplaced room key card benefit the guest experience?\n\n', "" What's the rationale for billing patrons for a lost or stolen room card key?\n\n"", ' Why do hotels impose charges for misplacing their proprietary access cards?\n\n', ' Is there a valid reason to penalize guests for losing their hotel room keys?\n\n', ' How does charging for lost room keys contribute to the overall value proposition of a hotel stay?\n\n', ' Can you provide insight into why hotels charge customers for accidentally losing their room access cards?\n\n', "" What's the business case for assessing fees for misplaced or lost hotel room key cards?""]"
9;"
What should you do with your room card key when leaving the hotel?";"Please make sure to lock the door latch when inside the room or when sleeping.
A 3,000yen charge will be imposed as a replacement fee for a lost room card key.
Please make sure to return your room card key at the front desk when leaving the hotel.";9;"[' A ¥3000 penalty will be assessed for a misplaced ID badge ', ' Make sure to close the door catch when indoors or slumbering ', "" There's a ¥3000 fee for replacing a lost key card "", ' Always secure your ID badge at the reception area before departure ', ' When departing, please hand over your room card ID at the front counter ', ' A charge of ¥3000 will be levied in case of a misplaced room access device ', ' Please ensure to return your ID badge key when checking out ', ' On leaving, kindly surrender your room access device at the front desk ', "" There's a ¥3000 fine for losing the room card access token "", '']";6;8;"[' What is the protocol for disposing of your in-room key ', "" How do I deal with my hotel room key once I've departed "", "" What's the policy on returning keys at a hotel checkout "", ' When you leave the hotel, what should you do with your access card ', ' What do I do with my room key when exiting the premises ', ' How to properly handle your hotel room access device ', ' What happens to your keycard when vacating the hotel ', ' Should I return or surrender my hotel guest card upon departure ', "" What's the procedure for relinquishing my in-room key at checkout time""]"
10;Why is it necessary for visitors to meet at the lobby of the hotel?;"
 For the safety of our guests, we request to meet your visitors at the lobby of the hotel.";10;"['\nFor the well-being of our customers, please receive your associates in the hotel foyer ', ""\nIn order to ensure our clients' protection, it would be appreciated if you could welcome your acquaintances in the hotel lobby "", '\nWe ask that you meet your friends and family at the front desk for security reasons ', '\nTo maintain a safe environment for everyone, we kindly request that you receive your guests at the hotel entrance ', '\nPlease ensure the safety of our customers by meeting them at the hotel reception ', '\nFor security purposes, we would like to remind you to meet your visitors at the lobby area ', '\nIn order to keep our guests secure, please greet your associates in the hotel public space ', '\nTo prevent any incidents, we ask that you welcome your friends and family in the designated waiting area ', '\nWe kindly request that you receive your companions at a safe location within the hotel premises ', '']";7;8;"[' For what purpose do tourists need to congregate in front of the hotel entrance?\n\n', ' Can you think of a good reason for travelers to assemble at the welcome desk?\n\n', ' Why does it make sense for people staying overnight to meet at the central meeting spot?\n\n', "" What's the essential rationale behind visitors gathering at the public waiting area?\n\n"", ' Is there a valid explanation why guests need to assemble in the hotel foyer?\n\n', ' Can you come up with a logical reason for travelers to gather at the entrance hall?\n\n', ' Why is it necessary for overnighters to meet at the main meeting point?\n\n', "" What's the essential information that necessitates visitors gathering at the reception area?\n\n"", ' Can you justify why tourists must congregate at the designated meeting spot?']"
11;What is the purpose of checking the peephole or putting on the door latch when someone knocks at the door?;"
When someone knocks at the door, please put on the door latch or check at the
peephole.";11;"[""\nWhen a visitor approaches, ensure the door's locking mechanism is engaged "", '\nIf somebody comes to your doorstep, inspect through the peephole ', ""\nUpon someone's arrival, secure the door by fastening the latch "", '\nA person approaching should be viewed via the peephole ', ""\nEnsure the door's catch is secured upon someone knocking "", '\nWhen an individual arrives at your residence, observe them via the peephole ', '\nSomeone arriving at your doorstep requires the door to be secured ', '\nThe arrival of a visitor necessitates checking through the peephole ', '\nUpon receiving a knock on the door, lock the latch ', '']";8;8;"['\nWhy do people look through the peephole or flip the door latch when someone knocks ', ""\nWhat's behind checking the peephole or setting the door chain when someone gives a rap on the door "", '\nTo what end does one examine the peephole or secure the door catch when someone taps at the door ', '\nWhy do individuals peer through the peephole or flip the door lock when someone knocks ', '\nWhat drives people to look through the peephole or fasten the door latch when someone gives a tap ', '\nFor what reason do folks examine the peephole or fit the door catch when someone pounds on the door ', '\nWhat prompts individuals to check the peephole or secure the door chain when someone knocks ', '\nWhy do people scrutinize the peephole or set the door lock when someone raps at the door ', '\nWhat motivates individuals to look through the peephole or engage the door catch when someone gives a knock ', '']"
12;What is the reason for not being allowed to cook inside the guest room?;"
 Please refrain from using fires such as lighting up candles without the permission of the
hotel. Also, cooking inside the guest room is strictly prohibited.";12;"['\nCooking or heating food in your accommodation is strictly off-limits ', '\nThe use of open flames or smoking devices within your room requires explicit approval ', '\nWe kindly request that you refrain from cooking or burning items inside your guest quarters ', '\nOpen flames and cigarettes should only be used in designated areas ', ""\nIt's essential to avoid using any kind of flame or smoke-producing device inside the guest rooms "", '\nPlease do not use open fires, candles, or smoking devices within your assigned accommodation without prior approval ', '\nGuests are required to abstain from cooking or using heat-emitting appliances within their designated room ', '\nThe burning of incense, cigarettes, or other combustible materials is strictly prohibited in guest quarters ', '\nYour cooperation in refraining from using open flames or smoking devices inside the guest rooms is greatly appreciated ', '']";9;8;"[""\nWhy can't culinary activities take place in the designated sleeping area "", '\nIs it forbidden to engage in cooking operations within the guest accommodations ', '\nAre there specific regulations regarding food preparation and consumption in the guest bedrooms ', '\nCan one not use heat-producing appliances inside the assigned guest space ', '\nWhat are the rules governing indoor cooking and its relation to guest rooms ', '\nWhy is cooking inside the guest quarters off-limits ', '\nIs it a standard policy for guest accommodations to be free of cooking equipment ', '\nAre there safety concerns associated with cooking within the designated guest areas ', '\nCan one not prepare meals or heat food in their assigned guest sleeping space ', '']"
13;What is the main reason for the request to refrain from smoking near certain items in the room?;"
Even if it is possible to smoke inside the room, please refrain from smoking near items
that are prone to fire such as the bed.";13;"['\nThough indoor smoking is permitted do not get too cozy with flames close to sleeping quarters ', ""\nYou're welcome to light a cigarette inside but please keep it away from potential fire hazards "", ""\nEven though smoking within the room is tolerated please don't have a cigarette near things that might catch fire "", '\nSmoking indoors is allowed however refrain from lighting up in areas where fires can easily occur ', ""\nThough smoking indoors isn't strictly forbidden do avoid getting too close to combustible items "", ""\nYou're allowed to smoke inside but not directly next to objects likely to ignite "", '\nIndoor cigarette use is permitted just keep the smoking away from ignitable materials ', '\nEven if indoor smoking is tolerated keep it at a safe distance from burnable stuff ', '\nWhile indoor smoking is okay please be considerate and steer clear of fire-prone areas ', '']";10;8;[' The principal rationale behind forbidding smoking near particular items in a room lies in which aspect?\n\n', ' To what key factor can be attributed the requirement to desist from smoking in close vicinity to certain items?\n\n', ' What central issue necessitates the avoidance of smoking near specific articles within a room?\n\n', ' In what core consideration does the request to refrain from smoking near certain items in a room reside?\n\n', ' The main motivation behind discouraging smoking near specific objects in a room is rooted in which fundamental concern?\n\n', ' To what essential point can be attributed the prohibition against smoking near particular items within a given space?\n\n', ' What primary purpose justifies the directive to avoid smoking in proximity to specific articles in a room?\n\n', ' In what central aspect does the request to desist from smoking near certain items within a room find its justification?\n\n', ' The main reason for forbidding smoking near particular items in a room is tied to which key issue?']
14;"Is smoking allowed in any area of the hotel besides the designated smoking area? 
";"
Smoking is strictly prohibited inside the hotel except for the designated smoking area.
Other than accommodation, please refrain from using the guest room for any other
purposes such as business activities, offices, parties, etc. without permission from the
hotel.";14;[' No other uses of the guest suite should be made aside from lodging, such as conducting commercial operations, setting up an office, hosting a gathering, etc ', ' Guests are asked not to utilise their rooms for purposes unrelated to accommodation, including business ventures, operating a workspace, throwing a party ', ' The hotel requests that guests refrain from utilizing their room for any purpose other than sleeping, such as working, running a small business, or hosting social gatherings ', ' We kindly request that you do not use the guest room for anything other than residing there, like having meetings, creating a workspace, or hosting events ', ' Smoking is absolutely prohibited inside the hotel except in the specially designated smoking area ', ' In order to prevent any misuse of their rooms, guests are asked to refrain from using them for activities unrelated to lodging, such as working remotely, setting up an office, throwing parties ', ' Please do not use your guest room for anything other than sleeping there, including working from home, establishing a small business, or hosting social gatherings ', ' The hotel forbids the use of guest rooms for any purpose other than accommodation, which may include business meetings, running a home-based business, or hosting events ', ' Smoking is strictly prohibited inside the hotel except in the designated smoking area where guests are permitted to smoke ', ''];11;8;['\nIs it permissible to smoke anywhere inside the hotel apart from the allocated smoking section?\n', '\nCan you smoke freely outside of the specifically designated smoking zone within the hotel premises?\n', '\nDoes the hotel permit smoking in areas beyond the dedicated smoking area?\n', '\nAre there any sections of the hotel where one is allowed to smoke besides the designated smoking spot?\n', '\nCan people light up a cigarette anywhere within the hotel except for the specified smoking area?\n', '\nIs it permitted to smoke anywhere inside the hotel apart from the assigned smoking space?\n', '\nCan guests smoke anywhere in the hotel, excluding only the designated smoking zone?\n', '\nDoes the hotel allow smoking in any areas besides the specifically allocated smoking section?']
15; Is a guest allowed to use the room for business activities without permission from the hotel?;"
Smoking is strictly prohibited inside the hotel except for the designated smoking area.
Other than accommodation, please refrain from using the guest room for any other
purposes such as business activities, offices, parties, etc. without permission from the
hotel.";15;[' No other uses of the guest suite should be made aside from lodging, such as conducting commercial operations, setting up an office, hosting a gathering, etc ', ' Guests are asked not to utilise their rooms for purposes unrelated to accommodation, including business ventures, operating a workspace, throwing a party ', ' The hotel requests that guests refrain from utilizing their room for any purpose other than sleeping, such as working, running a small business, or hosting social gatherings ', ' We kindly request that you do not use the guest room for anything other than residing there, like having meetings, creating a workspace, or hosting events ', ' Smoking is absolutely prohibited inside the hotel except in the specially designated smoking area ', ' In order to prevent any misuse of their rooms, guests are asked to refrain from using them for activities unrelated to lodging, such as working remotely, setting up an office, throwing parties ', ' Please do not use your guest room for anything other than sleeping there, including working from home, establishing a small business, or hosting social gatherings ', ' The hotel forbids the use of guest rooms for any purpose other than accommodation, which may include business meetings, running a home-based business, or hosting events ', ' Smoking is strictly prohibited inside the hotel except in the designated smoking area where guests are permitted to smoke ', ''];11;8;['\nCan someone staying as a transient have access to the facilities for commercial reasons without needing prior consent ', '\nAre visitors allowed to conduct office work in their guestroom without first seeking permission from the hotel staff ', '\nDoes the hotel permit guests to use the room for entrepreneurial activities without informing the management ', '\nMay overnight visitors engage in business-related activities within their assigned accommodations without requiring approval ', '\nCan a guest utilize the available space for financial or commercial purposes without needing prior consent from the hotel authorities ', '\nIs it permissible for an overnight visitor to conduct professional work within the confines of their hotel room without first notifying the staff ', '\nAre transient guests allowed to use their designated rooms for office tasks or business meetings without obtaining permission ', '\nCan individuals staying at the hotel engage in entrepreneurial activities within their assigned quarters without needing explicit approval from the management ', '\nMay hotel guests utilize the provided space for commercial purposes without first seeking consent from the relevant authorities ', '']
16;Is it allowed to move any equipment inside the room without permission?;"
Please do not move, modify or make any alteration to any equipment inside your room without the permission from the hotel.
Taking any equipment outside the room is not allowed.";16;[' Any modifications to the installed systems within the guest quarters must be approved by hotel staff ', ' Do not alter, tamper with, or remove any apparatus situated inside your accommodation without express permission from the hotel administration ', ' All furniture and equipment provided within the room remain under the ownership of the establishment ', ' Under no circumstances should you relocate, modify, or remove any installed devices within the guest quarters without explicit consent from the management ', ' It is strictly prohibited to dismantle, adjust, or transport any devices situated inside your room without prior permission from hotel authorities ', ' Refrain from making any adjustments to in-room equipment without prior clearance from the hotel ', ' Any removal, relocation, or alteration of installed systems within the guest quarters must be sanctioned by authorized personnel ', ' The installation and operation of all apparatus and furniture within your accommodation are under the direct supervision of the hotel management ', ' No personal devices or modifications may be made to the existing installations situated inside your room without explicit permission from the hotel administration'];12;8;[' Can one shift furniture or objects within the room without first seeking authorization ', ' May one move gear or supplies within the room without needing approval ', ' Are there restrictions on moving things around in this particular room ', ' Is there a rule about not shifting equipment inside the given space ', ' Can one freely rearrange items within the designated area without asking ', ' Does permission need to be sought before moving stuff inside the specified room ', ' May anyone move gear or supplies without obtaining clearance ', ' Is it allowed to shift objects or appliances within the assigned space without first seeking approval ', ' Can you bring in new equipment into the room without needing prior consent']
17;What is the main concern of the hotel staff regarding the guest's belongings?;"
Do not place anything on the window that would damage the appearance of the hotel.
Please be sure to manage your valuables and expensive items.";17;"[""\nBe mindful not to attach anything to the exterior that might compromise the hotel's visual appeal "", ""\nSee to it that nothing is placed outside that might tarnish the hotel's looks "", ""\nEnsure that no items are positioned on the exterior that could detract from the hotel's appearance "", '\nMake sure you protect your valuable possessions and pricey items ', ""\nTake care not to attach anything on the exterior that could damage the hotel's curb appeal "", '\nBe certain to secure your precious belongings and expensive goods ', ""\nAvoid placing anything outside that might sully the hotel's image "", '\nMake sure you safeguard your valuables and pricey assets ', ""\nSee to it that nothing is affixed to the exterior that might spoil the hotel's visual presentation "", '']";13;8;"[""\nThe primary apprehension of the hotel workers concerning the patron's effects "", ""\nConcerning the tourist's personal items, what weighs heavily on the minds of the hotel personnel "", ""\nHow are the hotel staff preoccupied with the guest's private belongings? "", ""\nWhat is topmost in the thoughts of the hotel team regarding the traveler's individual items? "", ""\nIn terms of the visitor's own things, what occupies the hotel crew's attention? "", ""\nRegarding the guest's personal goods, what worries the hotel staff the most? "", ""\nWhat troubles the hotel employees about the patron's own possessions? "", ""\nConcerning the tourist's private belongings, what keeps the hotel workers awake at night? "", ""\nThe main anxiety of the hotel team concerning the visitor's own items "", '']"
18;What type of items would be stored for 3 days?;"The storage period for checked-in and forgotten items are as follows:
Food (unopened): 3 days from the date of discovery
Other than food: 1 month from the date of discovery";18;[' Food unsealed remains on file for three days from date of identification ', ' Perishables left behind are stored for up to seventy-two hours ', ' Unclaimed items other than edibles are held for a period of thirty-one days ', ' Articles abandoned apart from consumables will be kept for one lunar cycle ', ' Forgotten foodstuffs have a storage duration of forty-eight hours ', ' Provisions not opened may be kept in secure storage for three suns ', ' Non-comestible items surrendered to the system will remain stored for a month ', ' Checked-in and lost provisions are retained on premises for seventy-two hours ', ' Consumables relinquished by passengers remain available for retrieval for three diel periods ', ' Items relinquished by travelers other than food products have a retention period of thirty-one solar days'];14;8;[' \n\nItems which need to remain in warehouses or facilities for exactly seventy-two hours ', ' \n\nGoods requiring temporary warehousing accommodations over the course of three full days ', ' \n\nObjects that should ideally be stored for no longer than 72 hours ', ' \n\nContents which usually require short-term storage for around three complete days ', ' \n\nThings typically kept in holding areas for a duration of just three calendar days ', ' \n\nStocks which are commonly placed into storage for roughly seventy-two continuous hours ', ' \n\nCommodities normally placed on hold in warehouses or facilities over the course of 3 full days ', ' \n\nGoods that usually need to be stored temporarily for about 72 hours ', ' \n\nArticles regularly held in holding areas for a brief period of approximately three days ', '']
19;What are the potential consequences for a guest if an item is not collected within the storage period?;"
If item is not collected within the storage period, it will be considered that the guest has abandoned
its ownership and can be disposed freely by the hotel. In this case, guest may not be able to object
or retrieve the item.";19;"[""\nIf items aren't retrieved within storage duration, they'll be deemed ownerless "", '\nGuests who fail to collect their belongings within specified time will forfeit ownership ', '\nAny unclaimed items after storage period will be freely available for disposal ', '\nUnaccounted items past due date will belong to the hotel ', '\nItems not collected in stipulated timeframe are assumed abandoned ', '\nStorage duration expired, items revert to hotel ownership ', '\nGuests who miss collection deadline relinquish all rights to their belongings ', '\nAny uncollected item after a specified period can be used freely by others ', '\nItems left behind for too long will become the property of the hotel ', '']";15;8;['\nIn the event of non-retrieval, what repercussions might be experienced by a guest who has items stored beyond the agreed-upon deadline ', '\nIf an item is not collected within the allotted storage period, what happens to the person who was supposed to retrieve it ', '\nAre there any negative outcomes for a guest if their belongings remain in storage longer than planned ', '\nWhat are the implications for someone who neglects to collect something from the holding area on time ', '\nConsequences arise when an item is not retrieved within the designated timeframe – what might they be ', '\nIf an item remains uncollected beyond the agreed-upon deadline, what potential outcomes could occur ', '\nAre there any repercussions for a guest who fails to pick up their stored items before the specified period ends ', '\nWhat happens to a person if something is left in storage longer than intended and not collected on time ', '\nConsequences befall someone whose item remains uncollected within the holding area beyond the predetermined timeframe ', '']
20;What is the purpose of handling lost items according to the law?;"
We will handle the lost items according to the law.";20;['\nLost articles will be dealt with in accordance with applicable statutes ', '\nThe handling of misplaced belongings will adhere to established regulations ', '\nMisplaced items will be processed in compliance with relevant ordinances ', '\nMissing property will be managed in keeping with governing laws ', '\nStolen or lost possessions will be treated in consonance with juridical rules ', '\nLost goods will be administered according to the terms of the law ', '\nWe will deal with misplaced personal belongings as dictated by statute ', '\nMisplaced items will be handled in accordance with jurisprudence ', '\nArticles that have been mislaid will be processed in compliance with legal edicts ', ''];16;8;[' Is there a justification for dealing with misplaced possessions based on statutory regulations? ', ' How does the legislation influence the management of forgotten belongings? ', ' Why do authorities need to follow a protocol when dealing with lost items? ', ' What drives the need for adherence to laws concerning abandoned goods? ', ' Can the handling of lost property be seen as an exercise in enforcing statutes? ', ' Is there a purpose behind treating lost items according to a set of rules and regulations? ', ' How does legislation shape the approach to managing misplaced possessions? ', ' Why is it necessary to follow established procedures when dealing with forgotten belongings?']
21;What type of items are guests advised not to store in their parked car? ;"
 Please follow the guide and instructions provided by the hotel staff.
Do not store valuables or other items in the parked car. Hotel will not be responsible for
any loss or theft during parking.";21;"[' Do not keep valuable belongings or other personal effects inside the vehicle. The hotel cannot assume liability for any losses or thefts that occur while your car is parked ', ' Follow the procedures specified by our staff for a smooth and secure parking experience ', ' Be aware that valuables and personal items left in the vehicle are not protected against loss or theft ', ' Keep valuable possessions at home, as we will not be responsible for any losses during parking ', ' Do not keep cash, jewelry, or other treasured belongings in your parked car. The hotel cannot reimburse you for such losses ', ' Park your vehicle responsibly; do not store valuables inside the car as they may be lost or stolen ', "" Your car is parked at your own risk; we are not liable for any loss of property or theft that occurs while it's here "", ' Keep valuable items and personal effects out of sight; our parking lot cannot protect you from theft or loss ', ' Please note that the hotel will not be responsible for any items left in a parked vehicle, so do not store valuables ', '']";17;8;"[' Perishable products which are frequently stolen from automobiles should be avoided.\n\n', ' Which personal belongings do authorities advise against placing within a parked vehicle?\n\n', ' What categories of items are often pilfered and should therefore not be stored inside a car when left unattended?\n\n', ' Are there certain commodities that drivers should leave at home rather than bringing them along on trips?\n\n', ' For what kinds of goods is it generally advised to take alternative storage arrangements in place of keeping them within the confines of an automobile?\n\n', ' What types of products are often removed from parked cars, prompting authorities to issue warnings about their storage?\n\n', ' Are there any categories of personal property that drivers should avoid storing in their automobiles while they are unattended?\n\n', "" Which items do people usually recommend against keeping in a car when it's left parked for extended periods?\n\n"", ' For what kinds of articles is it advisable to explore other options besides placing them inside an automobile?']"
22;" 
Is the hotel liable for any loss or theft of items stored in the parked car?";"
 Please follow the guide and instructions provided by the hotel staff.
Do not store valuables or other items in the parked car. Hotel will not be responsible for
any loss or theft during parking.";22;"[' Do not keep valuable belongings or other personal effects inside the vehicle. The hotel cannot assume liability for any losses or thefts that occur while your car is parked ', ' Follow the procedures specified by our staff for a smooth and secure parking experience ', ' Be aware that valuables and personal items left in the vehicle are not protected against loss or theft ', ' Keep valuable possessions at home, as we will not be responsible for any losses during parking ', ' Do not keep cash, jewelry, or other treasured belongings in your parked car. The hotel cannot reimburse you for such losses ', ' Park your vehicle responsibly; do not store valuables inside the car as they may be lost or stolen ', "" Your car is parked at your own risk; we are not liable for any loss of property or theft that occurs while it's here "", ' Keep valuable items and personal effects out of sight; our parking lot cannot protect you from theft or loss ', ' Please note that the hotel will not be responsible for any items left in a parked vehicle, so do not store valuables ', '']";17;8;"[""\nAre guests protected if valuables are taken from cars parked at the hotel's parking area? "", '\nCan the hotel be held accountable for stolen goods kept in a car on their property? ', '\nIs there any liability on the part of the hotel for loss or theft from an item stored in a vehicle parked within their grounds? ', '\nDoes the hotel assume responsibility for items left in vehicles that are broken into while parked on site? ', '\nCan hotel staff be held accountable for losses suffered by guests whose items were stolen from parked cars? ', ""\nIs there a policy to protect hotel guests' property against loss or theft when it's stored in their car? "", '\nDoes the hotel have measures in place to prevent and compensate for any theft that occurs from vehicles parked on their premises? ', '\nAre guests entitled to compensation if they suffer losses due to stolen items left in their car while parked at the hotel? ', '\nCan the hotel be sued for failing to provide adequate security against loss or theft of property stored in a vehicle on their grounds?']"
23;What forms of payment are accepted by the hotel?;"
Please note that the hotel staff are not allowed to move the car on behalf of the guest.
Payment will be accepted in cash, travel check, accommodation voucher, credit card, or
any vouchers approved by the hotel.";23;"["" \nFees can be settled via monetary compensation, traveler's checks, lodging coupons, plastic cards, or any other validated by the establishment "", "" \nClients will receive an invoice for the services rendered, payable in cash, traveller's cheques, accommodation tickets, charge plates, or hotel-approved certificates "", ' \nPayment is acceptable through liquid funds, travel warrants, room tickets, bank cards, or hospitality vouchers approved by our staff ', ' \nThe payment method can be monetary funds, traveling checks, lodging coupons, credit slips, or authorized promotional materials ', "" \nClients will receive a bill for the services provided, which can be paid in cash, traveler's cheques, accommodation vouchers, charge plates, or hotel-approved certificates "", ' \nWe accept compensation through local currency, travel warrants, room tickets, bank cards, or hospitality vouchers validated by us ', "" \nThe guest will be responsible for settling their account using monetary funds, traveller's checks, lodging coupons, charge plates, or approved promotional materials "", "" \nPayment is accepted via cash, traveler's cheques, accommodation tickets, credit slips, or any hotel-approved certificates "", ' \nMonetary compensation can be paid through various means including local currency, travel warrants, room tickets, bank cards, or hospitality vouchers validated by us']";18;8;"[' Are there any specific payment methods that the hotel prefers or recognizes? ', ' What forms of monetary exchange does the hotel accommodate during check-in? ', ' Can guests use credit cards for payment at the hotel? ', ' Does the hotel have a preferred method of financial transaction? ', "" What constitutes an accepted form of payment by the hotel's management? "", ' Are there any particular modes of payment that the hotel staff are trained to handle? ', ' In what ways can customers settle their bills with the hotel? ', ' How does the hotel process payments for room stays and other services? ', "" Can guests inquire about the hotel's accepted forms of monetary exchange upon arrival?""]"
24;What happens if a guest is unable to pay the bill upon arrival?;"
Please pay the bill upon arrival or when a request to avail a particular item or service has
been made.";24;"[' Settle your charges immediately upon check-in ', ' Please settle up on your outstanding balance at our front desk ', ' We require payment before providing any services or products ', ' All accounts must be paid in full prior to departure ', ' Payment for goods and services is expected at the time of usage ', "" Your bill will need to be settled as soon as it's presented "", ' Any requests for items or services will incur an immediate charge ', ' Payment terms are strict, with all balances due upon arrival ', ' Settle your account before we can assist you further']";19;8;"['\nHow should establishments proceed with guests who fail to cover their expenses initially? ', ""\nIf someone arrives but doesn't have enough money, what options do they and the establishment have available? "", ""\nWhat happens when a visitor's funds fall short, leading them to be unable to pay the total cost at first? "", '\nIn cases where guests are unable or unwilling to cover their entire bill from the start, how is this typically handled? ', '\nHow does one manage situations in which customers come but lack sufficient financial resources to pay right away? ', '\nWhen a guest cannot meet their financial obligations on time, what steps should be taken by both parties involved? ', '\nWhat procedures are usually followed when guests cannot initially cover the total amount they owe upon arrival? ', ""\nIf visitors don't have enough money with them at the beginning of the transaction, how do these situations generally get resolved? "", '\nHow is it handled if someone arrives without sufficient funds to cover their entire bill, leading to a temporary inability to pay the total?']"
25;What happens if the payment is made on time, but the booked name is different from the staying guest?;"
  If the booked name is different from the staying guest, in cases that the payment is not
made on the stipulated date, it will be billed directly to the customer who made the
reservation.";25;"[' If the person making the reservation does not pay by the due date ', ' In such instances where the invoiced name diverges from that of the inhabitant ', ' When the names on the booking and residency documents vary ', ' If the individual who made the reservation fails to meet the payment deadline ', ' The customer who initially booked will be held accountable for any outstanding charges ', "" When there is a discrepancy between the booked and actual guests, we'll charge the person who made the reservation "", ' In situations where the invoice name does not match that of the occupant ', ' If payment is not received by the agreed-upon date from the guest listed on the booking ', "" The party responsible for the initial payment will be directly invoiced if it's not paid on time""]";20;8;"[""\nHow does it affect operations when a person pays as agreed, yet doesn't have the matching credentials to their booking "", '\nCan a pre-arranged payment be deemed effective even if the guest does not share the same details in their reservation ', ""\nWhat outcomes occur when the timely financial transaction is made, yet the details of the client don't align with what was initially booked "", ""\nIs there any discrepancy if a person pays on time for lodging but doesn't match the name originally reserved "", '\nHow does the scenario change when timely payment and booking name are inconsistent ', ""\nIf payment is received in a timely manner but the staying guest's information differs from their reservation details "", ""\nWhat happens operationally if payment was made as agreed, yet there is a discrepancy between the client's details and what was initially booked "", '\nIs the timely payment enough to warrant the same level of service regardless of the difference between the guest name and the original booking name ', ""\nCan payment be deemed sufficient to honour the booking even though it doesn't match the name originally reserved by the client "", '']"
26;What fees are covered by the hotel?;"
  Hotel will not pay for online shopping fee, taxi fee, postage stamps, and fee for the
delivery of baggage.";26;"[' The hotel is not responsible for reimbursing online shopping fees ', ' Travelers are expected to cover their own transportation costs, including taxis ', ' Postal charges, such as postage stamps, are not a hotel expense ', ' Charges associated with luggage delivery services will not be covered by the hotel ', ' Online purchases and their associated fees are the responsibility of our guests ', ' Hotel guests must pay for their own taxi fares ', "" Postage stamps and related shipping expenses are the guest's responsibility "", ' The hotel does not cover fees related to baggage delivery or online shopping ', ' Guests are responsible for all e-commerce transaction fees, including those for postage and taxis']";21;8;"[' What expenses is the hotel responsible for?\n\n', "" Which costs are included in the hotel's accommodation price?\n\n"", ' Does the hotel cover any additional expenditures?\n\n', ' Are there any services that the hotel provides at no extra cost?\n\n', "" What expenses are factored into the hotel's total bill?\n\n"", ' Do guests have to pay extra for certain amenities or facilities?\n\n', "" Is the hotel's all-inclusive rate a standard feature of their packages?\n\n"", "" Which charges does the hotel automatically include in its guests' bills?""]"
27;What happens if a breakfast voucher is partially used?;"
Refunds will not be given for unused breakfast vouchers.";27;['\nCompensation will not be granted for untaken breakfast tickets ', '\nBreakfast vouchers not utilized cannot be redeemed for a refund ', '\nUnused morning meal certificates are ineligible for a rebate ', '\nRefund on unutilized breakfast passes is not allowed ', '\nNo compensation will be offered for unused breakfast vouchers ', '\nRedemption of unused breakfast coupons is not permitted ', '\nUnredeemed breakfast tickets will not receive a reimbursement ', '\nBreakfast vouchers left unutilized cannot be returned for credit ', '\nUnused breakfast tickets are ineligible for any form of rebate ', ''];22;8;"['\n\nHow does a breakfast ticket handle partial usage ', '\n\nWhat occurs when a breakfast allowance is only partly utilized ', ""\n\nWhat's the scenario when a breakfast gift certificate is partially consumed "", '\n\nHow do partial uses affect breakfast coupons ', ""\n\nWhat happens when a morning meal voucher isn't fully used up "", '\n\nCan a breakfast permit still be valid if it has been partially redeemed ', '\n\nHow does a breakfast ticket behave when its value is only partly utilized ', '\n\nWhat are the implications of a partially used breakfast voucher ', '\n\nHow does partial usage impact breakfast vouchers in general ', '']"
28;What type of animals are not allowed in the hotel? ;"
Unused special offers and discount tickets issued by the hotel will not be refunded.
Please refrain from bringing in the following items or acts that may cause inconvenience to
other guests in the hotel.
Animals and pets such as dogs, cats, and small birds in general (except for guide
dogs, service dogs, and hearing dogs)
Explosives and highly sensitive oils that can be easily ignited or any dangerous
products
A substance that produces a bad odour or has a strong smell
Guns and swords without a permit
Remarkably large amount of luggage and goods
Other items and behaviours that are prohibited by law:
Gambling, being offensive to other guests, behaviour that disrupts
orderliness, or behavior that may cause disgust or annoyance to other
guests. Entering the hotel in “Geta”(Japanese traditional slippers) & leathered –
soled sandals , Roller blades and Roller skates
Moving equipment or using it for purposes other than its intended purpose
Distribution of advertising materials, sales of goods and solicitation
Taking in food and drink from outside the hotel
Use of public bath when drunk or with tattoo
Taking out of food and drink from breakfast (excluding those that can be
taken out)";28;['  \nPlease refrain from introducing the following items or actions that may create inconvenience to \nother visitors in the hotel.\n', '  \nForbidden creatures such as domesticated animals, including dogs, cats, and small birds (except \nfor assistance dogs, service dogs, and hearing dogs)\n', '  \nInflammable substances like volatile oils that can be easily set on fire or any hazardous\nproducts\n', '  \nMaterials that give off a foul smell or strong odour\n', '  \nFirearms and swords without a license\n', '  \nRemarkably heavy suitcases and goods\n', '  \nOther items and activities banned by law:\n', ' \nGambling, being offensive to other guests, behaviour that disrupts orderliness, or behavior that may cause \ndisgust or annoyance to other visitors. Entering the hotel in traditional slippers & leathered-soled sandals , \nRoller blades and Roller skates\n', '  \nMoving equipment or using it for purposes other than its intended use\n', '  \nDistribution of promotional materials, sales of goods and solicitation\n', '  \nConsuming food and drinks from outside the hotel premises\n', '  \nUse of public bath when intoxicated or with a tattoo\n', '  \nRemoving food and drink from breakfast (excluding those that can be taken out)'];23;8;"['\nWhich types of beasts are barred from entering the premises? ', '\nAre there specific sorts of wildlife that cannot stay at the inn? ', '\nCan you tell me which species of animals are not permitted to occupy a room? ', '\nAre there particular breeds of pets that are forbidden from being housed here? ', ""\nWhat types of fauna are not allowed in the hotel's living quarters? "", '\nWhich varieties of creatures are excluded from residing within the premises? ', '\nCan you inform me as to which species of animals are prohibited from staying overnight? ', '\nAre there certain kinds of beasts that cannot occupy a bed at the hotel? ', '\nWhat types of critters are not granted permission to lodge in the establishment?']"
29;" 
What is the reason for not allowing the use of public bath when drunk or with tattoo? ";"
Unused special offers and discount tickets issued by the hotel will not be refunded.
Please refrain from bringing in the following items or acts that may cause inconvenience to
other guests in the hotel.
Animals and pets such as dogs, cats, and small birds in general (except for guide
dogs, service dogs, and hearing dogs)
Explosives and highly sensitive oils that can be easily ignited or any dangerous
products
A substance that produces a bad odour or has a strong smell
Guns and swords without a permit
Remarkably large amount of luggage and goods
Other items and behaviours that are prohibited by law:
Gambling, being offensive to other guests, behaviour that disrupts
orderliness, or behavior that may cause disgust or annoyance to other
guests. Entering the hotel in “Geta”(Japanese traditional slippers) & leathered –
soled sandals , Roller blades and Roller skates
Moving equipment or using it for purposes other than its intended purpose
Distribution of advertising materials, sales of goods and solicitation
Taking in food and drink from outside the hotel
Use of public bath when drunk or with tattoo
Taking out of food and drink from breakfast (excluding those that can be
taken out)";29;['  \nPlease refrain from introducing the following items or actions that may create inconvenience to \nother visitors in the hotel.\n', '  \nForbidden creatures such as domesticated animals, including dogs, cats, and small birds (except \nfor assistance dogs, service dogs, and hearing dogs)\n', '  \nInflammable substances like volatile oils that can be easily set on fire or any hazardous\nproducts\n', '  \nMaterials that give off a foul smell or strong odour\n', '  \nFirearms and swords without a license\n', '  \nRemarkably heavy suitcases and goods\n', '  \nOther items and activities banned by law:\n', ' \nGambling, being offensive to other guests, behaviour that disrupts orderliness, or behavior that may cause \ndisgust or annoyance to other visitors. Entering the hotel in traditional slippers & leathered-soled sandals , \nRoller blades and Roller skates\n', '  \nMoving equipment or using it for purposes other than its intended use\n', '  \nDistribution of promotional materials, sales of goods and solicitation\n', '  \nConsuming food and drinks from outside the hotel premises\n', '  \nUse of public bath when intoxicated or with a tattoo\n', '  \nRemoving food and drink from breakfast (excluding those that can be taken out)'];23;8;"[' What is the basis for denying access to public baths to those who are drunk ', ' Why is it a rule that one cannot bathe at public facilities if under the influence ', "" What's behind the policy of not allowing patrons to soak up some relaxation if they've got tattoos "", "" What's the reasoning for not letting folks get clean in public if they're wasted "", ' The rationale for keeping drunks out of public baths, what is it ', ' Why no hot tub time for those with permanent ink ', "" Is there a good reason why bathhouses don't allow tattooed or drunk patrons "", ' Public bathhouse policies: is it justified to keep out the intoxicated and tattooed ', '']"
30;" 
What is the policy regarding taking out food and drink from breakfast?";"
Unused special offers and discount tickets issued by the hotel will not be refunded.
Please refrain from bringing in the following items or acts that may cause inconvenience to
other guests in the hotel.
Animals and pets such as dogs, cats, and small birds in general (except for guide
dogs, service dogs, and hearing dogs)
Explosives and highly sensitive oils that can be easily ignited or any dangerous
products
A substance that produces a bad odour or has a strong smell
Guns and swords without a permit
Remarkably large amount of luggage and goods
Other items and behaviours that are prohibited by law:
Gambling, being offensive to other guests, behaviour that disrupts
orderliness, or behavior that may cause disgust or annoyance to other
guests. Entering the hotel in “Geta”(Japanese traditional slippers) & leathered –
soled sandals , Roller blades and Roller skates
Moving equipment or using it for purposes other than its intended purpose
Distribution of advertising materials, sales of goods and solicitation
Taking in food and drink from outside the hotel
Use of public bath when drunk or with tattoo
Taking out of food and drink from breakfast (excluding those that can be
taken out)";30;['  \nPlease refrain from introducing the following items or actions that may create inconvenience to \nother visitors in the hotel.\n', '  \nForbidden creatures such as domesticated animals, including dogs, cats, and small birds (except \nfor assistance dogs, service dogs, and hearing dogs)\n', '  \nInflammable substances like volatile oils that can be easily set on fire or any hazardous\nproducts\n', '  \nMaterials that give off a foul smell or strong odour\n', '  \nFirearms and swords without a license\n', '  \nRemarkably heavy suitcases and goods\n', '  \nOther items and activities banned by law:\n', ' \nGambling, being offensive to other guests, behaviour that disrupts orderliness, or behavior that may cause \ndisgust or annoyance to other visitors. Entering the hotel in traditional slippers & leathered-soled sandals , \nRoller blades and Roller skates\n', '  \nMoving equipment or using it for purposes other than its intended use\n', '  \nDistribution of promotional materials, sales of goods and solicitation\n', '  \nConsuming food and drinks from outside the hotel premises\n', '  \nUse of public bath when intoxicated or with a tattoo\n', '  \nRemoving food and drink from breakfast (excluding those that can be taken out)'];23;8;['\nHow does the establishment handle patrons consuming items outside of the dining area during breakfast ', '\nCan I take leftovers or snacks with me after breakfast ', '\nAre there any restrictions on carrying away food or drinks from the breakfast service ', '\nDo you have a policy for customers taking food and beverages off the premises during breakfast hours ', '\nIs it permissible to grab-and-go with items ordered at the breakfast buffet ', '\nWhat are the rules regarding taking food, snacks, or drinks out of the dining area during breakfast ', '\nCan I take my breakfast to go or carry leftovers outside ', '\nAre there any guidelines for patrons consuming food and beverages in non-dining areas during breakfast ', '\nIs it allowed to remove breakfast items from the premises without special permission ', '']
31;Is photographing other hotel guests without their consent allowed in most hotels?;"
  Taking photographs within hotel premises that may bother or cause
disturbance to other guests";31;"[' Photographing inside hotels that might annoy other visitors ', ' Capturing images on hotel property that could be a nuisance to others ', ' Shooting photos in hotel areas where it might inconvenience guests ', ' Making photographs in hotel spaces that could cause discomfort to other people ', ' Taking snaps within hotel premises where they might bother fellow diners ', ' Clicking pictures within hotel zones where they could disturb peaceful atmosphere ', "" Recording moments inside hotels that may disrupt other guests' experiences "", "" Photographing at hotels where it could be a disturbance to others' stays "", ' Shooting photographs on hotel property that may cause inconvenience to other patrons']";24;8;"[' Can you snap shots of strangers staying at the same hotel without their permission?\n\n', "" Are there rules against capturing images of hotel guests who haven't given consent?\n\n"", ' Do most hotels permit photography of other travelers in their premises?\n\n', ' Is it permissible to take photographs of unknown individuals within a hotel environment?\n\n', ' Can one take pictures of fellow hotel residents without their explicit okay?\n\n', ' What are the norms regarding photographing people staying at the same establishment as you?\n\n', ' In most hotels, is it allowed to snap photos of other guests without their consent being given?\n\n', ' Are there any restrictions on taking photographs of individuals who are not acquaintances within a hotel setting?\n\n', "" Can one lawfully take pictures of strangers in the context of a hotel, assuming they haven't explicitly objected?""]"
32;What is the purpose of Article 19 in the Accommodation Provisions?;"This rule corresponds to the standard provisions of the Civil Code, and each provision of this
regulation may be changed based on Article 19 of the Accommodation Provisions.";32;[' This directive conforms to established laws of the Civil Code ', ' The stipulations contained herein are aligned with standard provisions of the Civil Code ', ' These regulations adhere to established articles of the Civil Code ', ' The terms outlined in this document correspond to standard provisions of the Civil Code ', ' The conditions specified here follow the standard rules of the Civil Code ', ' This provision is based on standard laws of the Civil Code ', ' The regulation in question follows standard stipulations of the Civil Code ', ' Each article contained within this directive conforms to established laws of the Civil Code ', ' These regulations are guided by the standard articles of the Civil Code'];25;8;"[' How does Article 19 function within the context of the Accommodation Clauses?\n\n', ' Can you explain why Article 19 was included in the Accommodations Agreement?\n\n', ' What role does Article 19 play in facilitating the Accommodations Process?\n\n', "" What's the underlying rationale for mentioning Article 19 in the Accommodations Guidelines?\n\n"", ' How is Article 19 connected to the broader goals of the Accommodations Framework?\n\n', ' What are the implications of including Article 19 within the Accommodations Provisions?\n\n', ' Can you clarify why Article 19 was specified as part of the Accommodations Arrangements?\n\n', "" What's the significance of referencing Article 19 in the context of the Accommodations Policies?\n\n"", ' How does Article 19 contribute to achieving the objectives outlined in the Accommodations Regulations?']"
33;What is the purpose of posting the changed terms on the hotel's website and in guestrooms?;"
According to this change of rule, the contents of the changed terms, conditions and effective date
will be posted on the website specified by the hotel and inside the guestroom one month before the
effective date instead of individual notice and explanation.";33;[' \nTerms and conditions revisions will be published online and in the accommodations ', ' \nNew rules will be made public via our official website and in the guest quarters ', ' \nThe updated terms and conditions will be accessible online and in the hotel rooms ', ' \nHotel amendments will be posted on our website and within the guest areas ', ' \nUpdated policies will be announced on our website and displayed inside the hotel rooms ', ' \nChanges to the rules will be published on the designated hotel website and displayed in each room ', ' \nThe updated terms of service will be made public online and in the hotel accommodations ', ' \nHotel changes will be posted on the official website and within the guest quarters ', ' \nTerms revisions will be announced on our website and displayed inside the guestrooms ', ''];26;8;"["" \nWhy is the relevant information showcased on the hotel's digital site and within the physical rooms? "", "" \nWhat is the point of sharing the specific details on the hotel's webpage and on paper in guestrooms? "", ' \nTo what end are the particulars made available to visitors through both electronic and tangible means? ', "" \nFor what reason are guests provided with the particular information via the hotel's website and written materials in their rooms? "", "" \nWhat is the function of presenting the content on the hotel's web platform and on printed matter in guest areas? "", ' \nIn what way does the posting of the specific details serve a purpose for visitors who access them through both digital and physical means? ', "" \nHow does the display of the relevant information contribute to the overall experience or understanding of guests who view it on the hotel's website and in their rooms? "", "" \nWhat is the intended outcome or benefit from showcasing the content on the hotel's online presence and printed materials in guestrooms? "", ' \nWhy do hotels publish the specific details on their digital site and in written form within the premises, specifically in guest areas?']"